date,equity
2020-01-02,100000.0
2020-01-03,100000.0
2020-01-06,100000.0
2020-01-07,100000.0
2020-01-08,100000.0
2020-01-09,100000.0
2020-01-10,100000.0
2020-01-13,100000.0
2020-01-14,100000.0
2020-01-15,100000.0
2020-01-16,100000.0
2020-01-17,100000.0
2020-01-21,100000.0
2020-01-22,100000.0
2020-01-23,100000.0
2020-01-24,100000.0
2020-01-27,100000.0
2020-01-28,100000.0
2020-01-29,100000.0
2020-01-30,100000.0
2020-01-31,100000.0
2020-02-03,100000.0
2020-02-04,100000.0
2020-02-05,100000.0
2020-02-06,100000.0
2020-02-07,100000.0
2020-02-10,100000.0
2020-02-11,100000.0
2020-02-12,100000.0
2020-02-13,100000.0
2020-02-14,99900.0
2020-02-18,99900.0
2020-02-19,102177.66567387305
2020-02-20,102177.66567387305
2020-02-21,102177.66567387305
2020-02-24,102177.66567387305
2020-02-25,102177.66567387305
2020-02-26,102177.66567387305
2020-02-27,102177.66567387305
2020-02-28,102177.66567387305
2020-03-02,102177.66567387305
2020-03-03,102177.66567387305
2020-03-04,102177.66567387305
2020-03-05,102177.66567387305
2020-03-06,102177.66567387305
2020-03-09,102177.66567387305
2020-03-10,102177.66567387305
2020-03-11,102177.66567387305
2020-03-12,102177.66567387305
2020-03-13,102177.66567387305
2020-03-16,102177.66567387305
2020-03-17,102177.66567387305
2020-03-18,102177.66567387305
2020-03-19,102177.66567387305
2020-03-20,102177.66567387305
2020-03-23,102177.66567387305
2020-03-24,102177.66567387305
2020-03-25,102177.66567387305
2020-03-26,102177.66567387305
2020-03-27,102177.66567387305
2020-03-30,102177.66567387305
2020-03-31,102177.66567387305
2020-04-01,102177.66567387305
2020-04-02,102177.66567387305
2020-04-03,102177.66567387305
2020-04-06,102177.66567387305
2020-04-07,102177.66567387305
2020-04-08,102177.66567387305
2020-04-09,102177.66567387305
2020-04-13,102177.66567387305
2020-04-14,102177.66567387305
2020-04-15,102177.66567387305
2020-04-16,102177.66567387305
2020-04-17,102177.66567387305
2020-04-20,102177.66567387305
2020-04-21,102177.66567387305
2020-04-22,102177.66567387305
2020-04-23,102177.66567387305
2020-04-24,102177.66567387305
2020-04-27,102177.66567387305
2020-04-28,102177.66567387305
2020-04-29,102177.66567387305
2020-04-30,102177.66567387305
2020-05-01,102177.66567387305
2020-05-04,102177.66567387305
2020-05-05,102177.66567387305
2020-05-06,102177.66567387305
2020-05-07,102177.66567387305
2020-05-08,102177.66567387305
2020-05-11,102177.66567387305
2020-05-12,102177.66567387305
2020-05-13,102177.66567387305
2020-05-14,102177.66567387305
2020-05-15,102177.66567387305
2020-05-18,102177.66567387305
2020-05-19,102177.66567387305
2020-05-20,102177.66567387305
2020-05-21,102177.66567387305
2020-05-22,102177.66567387305
2020-05-26,102177.66567387305
2020-05-27,102177.66567387305
2020-05-28,102177.66567387305
2020-05-29,102177.66567387305
2020-06-01,102177.66567387305
2020-06-02,102177.66567387305
2020-06-03,102177.66567387305
2020-06-04,102177.66567387305
2020-06-05,102177.66567387305
2020-06-08,102177.66567387305
2020-06-09,102177.66567387305
2020-06-10,102177.66567387305
2020-06-11,102177.66567387305
2020-06-12,102177.66567387305
2020-06-15,102177.66567387305
2020-06-16,102177.66567387305
2020-06-17,102177.66567387305
2020-06-18,102177.66567387305
2020-06-19,102177.66567387305
2020-06-22,102177.66567387305
2020-06-23,102177.66567387305
2020-06-24,102177.66567387305
2020-06-25,102177.66567387305
2020-06-26,102177.66567387305
2020-06-29,102177.66567387305
2020-06-30,102177.66567387305
2020-07-01,102177.66567387305
2020-07-02,102177.66567387305
2020-07-06,102177.66567387305
2020-07-07,102177.66567387305
2020-07-08,102177.66567387305
2020-07-09,102177.66567387305
2020-07-10,102177.66567387305
2020-07-13,102177.66567387305
2020-07-14,102177.66567387305
2020-07-15,102177.66567387305
2020-07-16,102177.66567387305
2020-07-17,102177.66567387305
2020-07-20,102177.66567387305
2020-07-21,102177.66567387305
2020-07-22,102177.66567387305
2020-07-23,102177.66567387305
2020-07-24,102177.66567387305
2020-07-27,102177.66567387305
2020-07-28,102177.66567387305
2020-07-29,102177.66567387305
2020-07-30,102177.66567387305
2020-07-31,102177.66567387305
2020-08-03,102177.66567387305
2020-08-04,102177.66567387305
2020-08-05,102177.66567387305
2020-08-06,102177.66567387305
2020-08-07,102177.66567387305
2020-08-10,102177.66567387305
2020-08-11,102177.66567387305
2020-08-12,102177.66567387305
2020-08-13,102177.66567387305
2020-08-14,102177.66567387305
2020-08-17,102177.66567387305
2020-08-18,102177.66567387305
2020-08-19,102177.66567387305
2020-08-20,102177.66567387305
2020-08-21,102177.66567387305
2020-08-24,102177.66567387305
2020-08-25,102177.66567387305
2020-08-26,102177.66567387305
2020-08-27,102177.66567387305
2020-08-28,102177.66567387305
2020-08-31,102177.66567387305
2020-09-01,102177.66567387305
2020-09-02,102177.66567387305
2020-09-03,102177.66567387305
2020-09-04,102177.66567387305
2020-09-08,102177.66567387305
2020-09-09,102177.66567387305
2020-09-10,102177.66567387305
2020-09-11,102177.66567387305
2020-09-14,102177.66567387305
2020-09-15,102177.66567387305
2020-09-16,102177.66567387305
2020-09-17,102075.48800819917
2020-09-18,102424.2921476531
2020-09-21,97939.64984687389
2020-09-22,98662.16863394275
2020-09-23,99484.35796625563
2020-09-24,100431.11884777345
2020-09-25,100281.62728620748
2020-09-28,101153.63763484232
2020-09-29,97791.92950702556
2020-09-30,97791.92950702556
2020-10-01,97791.92950702556
2020-10-02,97791.92950702556
2020-10-05,97791.92950702556
2020-10-06,97791.92950702556
2020-10-07,97791.92950702556
2020-10-08,97791.92950702556
2020-10-09,97791.92950702556
2020-10-12,97791.92950702556
2020-10-13,97791.92950702556
2020-10-14,97791.92950702556
2020-10-15,97791.92950702556
2020-10-16,97791.92950702556
2020-10-19,97791.92950702556
2020-10-20,97791.92950702556
2020-10-21,97791.92950702556
2020-10-22,97791.92950702556
2020-10-23,97791.92950702556
2020-10-26,97791.92950702556
2020-10-27,97791.92950702556
2020-10-28,97791.92950702556
2020-10-29,97791.92950702556
2020-10-30,97791.92950702556
2020-11-02,97791.92950702556
2020-11-03,97791.92950702556
2020-11-04,97791.92950702556
2020-11-05,97791.92950702556
2020-11-06,97791.92950702556
2020-11-09,97791.92950702556
2020-11-10,97791.92950702556
2020-11-11,97791.92950702556
2020-11-12,97791.92950702556
2020-11-13,97791.92950702556
2020-11-16,97791.92950702556
2020-11-17,97791.92950702556
2020-11-18,97791.92950702556
2020-11-19,97791.92950702556
2020-11-20,97791.92950702556
2020-11-23,97791.92950702556
2020-11-24,97791.92950702556
2020-11-25,97791.92950702556
2020-11-27,97791.92950702556
2020-11-30,97791.92950702556
2020-12-01,97791.92950702556
2020-12-02,97791.92950702556
2020-12-03,97791.92950702556
2020-12-04,97791.92950702556
2020-12-07,97791.92950702556
2020-12-08,97791.92950702556
2020-12-09,97791.92950702556
2020-12-10,97791.92950702556
2020-12-11,97791.92950702556
2020-12-14,97791.92950702556
2020-12-15,97791.92950702556
2020-12-16,97791.92950702556
2020-12-17,97791.92950702556
2020-12-18,97791.92950702556
2020-12-21,97791.92950702556
2020-12-22,97791.92950702556
2020-12-23,97791.92950702556
2020-12-24,97791.92950702556
2020-12-28,97791.92950702556
2020-12-29,97791.92950702556
2020-12-30,97791.92950702556
2020-12-31,97791.92950702556
2021-01-04,97791.92950702556
2021-01-05,97791.92950702556
2021-01-06,97791.92950702556
2021-01-07,97791.92950702556
2021-01-08,97791.92950702556
2021-01-11,97791.92950702556
2021-01-12,97791.92950702556
2021-01-13,97791.92950702556
2021-01-14,97791.92950702556
2021-01-15,97791.92950702556
2021-01-19,97791.92950702556
2021-01-20,97791.92950702556
2021-01-21,97791.92950702556
2021-01-22,97791.92950702556
2021-01-25,97791.92950702556
2021-01-26,97791.92950702556
2021-01-27,97791.92950702556
2021-01-28,97791.92950702556
2021-01-29,97791.92950702556
2021-02-01,97791.92950702556
2021-02-02,97791.92950702556
2021-02-03,97791.92950702556
2021-02-04,97791.92950702556
2021-02-05,97791.92950702556
2021-02-08,97791.92950702556
2021-02-09,97791.92950702556
2021-02-10,97791.92950702556
2021-02-11,97791.92950702556
2021-02-12,97791.92950702556
2021-02-16,97791.92950702556
2021-02-17,97791.92950702556
2021-02-18,97791.92950702556
2021-02-19,97791.92950702556
2021-02-22,97791.92950702556
2021-02-23,97791.92950702556
2021-02-24,97791.92950702556
2021-02-25,97791.92950702556
2021-02-26,97791.92950702556
2021-03-01,97791.92950702556
2021-03-02,97791.92950702556
2021-03-03,97791.92950702556
2021-03-04,97791.92950702556
2021-03-05,97791.92950702556
2021-03-08,97791.92950702556
2021-03-09,97791.92950702556
2021-03-10,97791.92950702556
2021-03-11,97791.92950702556
2021-03-12,97791.92950702556
2021-03-15,97791.92950702556
2021-03-16,97791.92950702556
2021-03-17,97791.92950702556
2021-03-18,97791.92950702556
2021-03-19,97791.92950702556
2021-03-22,97791.92950702556
2021-03-23,97791.92950702556
2021-03-24,97791.92950702556
2021-03-25,97791.92950702556
2021-03-26,97791.92950702556
2021-03-29,97791.92950702556
2021-03-30,97791.92950702556
2021-03-31,97791.92950702556
2021-04-01,97791.92950702556
2021-04-05,97791.92950702556
2021-04-06,97791.92950702556
2021-04-07,97791.92950702556
2021-04-08,97791.92950702556
2021-04-09,97791.92950702556
2021-04-12,97791.92950702556
2021-04-13,97791.92950702556
2021-04-14,97791.92950702556
2021-04-15,97791.92950702556
2021-04-16,97791.92950702556
2021-04-19,97791.92950702556
2021-04-20,97791.92950702556
2021-04-21,97791.92950702556
2021-04-22,97791.92950702556
2021-04-23,97791.92950702556
2021-04-26,97791.92950702556
2021-04-27,97791.92950702556
2021-04-28,97791.92950702556
2021-04-29,97791.92950702556
2021-04-30,97791.92950702556
2021-05-03,97791.92950702556
2021-05-04,97791.92950702556
2021-05-05,97791.92950702556
2021-05-06,97791.92950702556
2021-05-07,97791.92950702556
2021-05-10,97791.92950702556
2021-05-11,97791.92950702556
2021-05-12,97791.92950702556
2021-05-13,97791.92950702556
2021-05-14,97791.92950702556
2021-05-17,97791.92950702556
2021-05-18,97791.92950702556
2021-05-19,97791.92950702556
2021-05-20,97791.92950702556
2021-05-21,97791.92950702556
2021-05-24,97791.92950702556
2021-05-25,97791.92950702556
2021-05-26,97791.92950702556
2021-05-27,97791.92950702556
2021-05-28,97791.92950702556
2021-06-01,97791.92950702556
2021-06-02,97791.92950702556
2021-06-03,97791.92950702556
2021-06-04,97791.92950702556
2021-06-07,97791.92950702556
2021-06-08,97791.92950702556
2021-06-09,97791.92950702556
2021-06-10,97791.92950702556
2021-06-11,97791.92950702556
2021-06-14,97791.92950702556
2021-06-15,97791.92950702556
2021-06-16,97791.92950702556
2021-06-17,97791.92950702556
2021-06-18,97791.92950702556
2021-06-21,97791.92950702556
2021-06-22,97791.92950702556
2021-06-23,97791.92950702556
2021-06-24,97791.92950702556
2021-06-25,97791.92950702556
2021-06-28,97791.92950702556
2021-06-29,97791.92950702556
2021-06-30,97791.92950702556
2021-07-01,97791.92950702556
2021-07-02,97791.92950702556
2021-07-06,97791.92950702556
2021-07-07,97791.92950702556
2021-07-08,97791.92950702556
2021-07-09,97791.92950702556
2021-07-12,97791.92950702556
2021-07-13,97791.92950702556
2021-07-14,97791.92950702556
2021-07-15,97791.92950702556
2021-07-16,97791.92950702556
2021-07-19,97791.92950702556
2021-07-20,97791.92950702556
2021-07-21,97791.92950702556
2021-07-22,97791.92950702556
2021-07-23,97791.92950702556
2021-07-26,97791.92950702556
2021-07-27,97791.92950702556
2021-07-28,97791.92950702556
2021-07-29,97791.92950702556
2021-07-30,97791.92950702556
2021-08-02,97791.92950702556
2021-08-03,97791.92950702556
2021-08-04,97791.92950702556
2021-08-05,97791.92950702556
2021-08-06,97791.92950702556
2021-08-09,97791.92950702556
2021-08-10,97791.92950702556
2021-08-11,97791.92950702556
2021-08-12,97791.92950702556
2021-08-13,97791.92950702556
2021-08-16,97791.92950702556
2021-08-17,97791.92950702556
2021-08-18,97791.92950702556
2021-08-19,97791.92950702556
2021-08-20,97791.92950702556
2021-08-23,97791.92950702556
2021-08-24,97694.13757751853
2021-08-25,98880.23710244855
2021-08-26,97520.5579998557
2021-08-27,99429.88921158791
2021-08-30,100109.72876288435
2021-08-31,99082.74109190199
2021-09-01,99212.91749841931
2021-09-02,101237.96842859343
2021-09-03,100225.44848132624
2021-09-07,98865.76937873338
2021-09-08,100239.91620504142
2021-09-09,98562.01339455323
2021-09-10,100847.42817340173
2021-09-13,101801.43691591852
2021-09-14,101801.43691591852
2021-09-15,101801.43691591852
2021-09-16,101801.43691591852
2021-09-17,101801.43691591852
2021-09-20,101801.43691591852
2021-09-21,101801.43691591852
2021-09-22,101801.43691591852
2021-09-23,101801.43691591852
2021-09-24,101801.43691591852
2021-09-27,101801.43691591852
2021-09-28,101801.43691591852
2021-09-29,101801.43691591852
2021-09-30,101801.43691591852
2021-10-01,101801.43691591852
2021-10-04,101801.43691591852
2021-10-05,101801.43691591852
2021-10-06,101801.43691591852
2021-10-07,101801.43691591852
2021-10-08,101801.43691591852
2021-10-11,101801.43691591852
2021-10-12,101801.43691591852
2021-10-13,101801.43691591852
2021-10-14,101801.43691591852
2021-10-15,101801.43691591852
2021-10-18,101801.43691591852
2021-10-19,101801.43691591852
2021-10-20,101801.43691591852
2021-10-21,101801.43691591852
2021-10-22,101801.43691591852
2021-10-25,101801.43691591852
2021-10-26,101801.43691591852
2021-10-27,101801.43691591852
2021-10-28,101801.43691591852
2021-10-29,101801.43691591852
2021-11-01,101801.43691591852
2021-11-02,101801.43691591852
2021-11-03,101801.43691591852
2021-11-04,101801.43691591852
2021-11-05,101801.43691591852
2021-11-08,101801.43691591852
2021-11-09,101801.43691591852
2021-11-10,101801.43691591852
2021-11-11,101801.43691591852
2021-11-12,101801.43691591852
2021-11-15,101801.43691591852
2021-11-16,101801.43691591852
2021-11-17,101801.43691591852
2021-11-18,101801.43691591852
2021-11-19,101801.43691591852
2021-11-22,101801.43691591852
2021-11-23,101801.43691591852
2021-11-24,101801.43691591852
2021-11-26,101801.43691591852
2021-11-29,101801.43691591852
2021-11-30,101801.43691591852
2021-12-01,101801.43691591852
2021-12-02,101801.43691591852
2021-12-03,101801.43691591852
2021-12-06,101801.43691591852
2021-12-07,101699.6354790026
2021-12-08,102137.2015771708
2021-12-09,100132.85334613951
2021-12-10,101163.25301647153
2021-12-13,100626.88132294269
2021-12-14,99836.43656005761
2021-12-15,100034.04775077887
2021-12-16,102165.42713198718
2021-12-17,100019.92958886958
2021-12-20,96307.64991288891
2021-12-21,100386.92641549575
2021-12-22,102701.80959451823
2021-12-23,104155.66797011138
2021-12-27,106668.16233985513
2021-12-28,107246.88851911186
2021-12-29,108065.55883681332
2021-12-30,108672.51057088641
2021-12-31,106160.01620114266
2022-01-03,106160.01620114266
2022-01-04,106160.01620114266
2022-01-05,106160.01620114266
2022-01-06,106160.01620114266
2022-01-07,106160.01620114266
2022-01-10,106160.01620114266
2022-01-11,106160.01620114266
2022-01-12,106160.01620114266
2022-01-13,106160.01620114266
2022-01-14,106160.01620114266
2022-01-18,106160.01620114266
2022-01-19,106160.01620114266
2022-01-20,106160.01620114266
2022-01-21,106160.01620114266
2022-01-24,106160.01620114266
2022-01-25,106160.01620114266
2022-01-26,106160.01620114266
2022-01-27,106160.01620114266
2022-01-28,106160.01620114266
2022-01-31,106160.01620114266
2022-02-01,106160.01620114266
2022-02-02,106160.01620114266
2022-02-03,106160.01620114266
2022-02-04,106160.01620114266
2022-02-07,106160.01620114266
2022-02-08,106160.01620114266
2022-02-09,106160.01620114266
2022-02-10,106160.01620114266
2022-02-11,106160.01620114266
2022-02-14,106160.01620114266
2022-02-15,106160.01620114266
2022-02-16,106160.01620114266
2022-02-17,106160.01620114266
2022-02-18,106160.01620114266
2022-02-22,106160.01620114266
2022-02-23,106160.01620114266
2022-02-24,106160.01620114266
2022-02-25,106160.01620114266
2022-02-28,106160.01620114266
2022-03-01,106160.01620114266
2022-03-02,106160.01620114266
2022-03-03,106160.01620114266
2022-03-04,106160.01620114266
2022-03-07,106160.01620114266
2022-03-08,106160.01620114266
2022-03-09,106160.01620114266
2022-03-10,106160.01620114266
2022-03-11,106160.01620114266
2022-03-14,106160.01620114266
2022-03-15,106160.01620114266
2022-03-16,106160.01620114266
2022-03-17,106160.01620114266
2022-03-18,106160.01620114266
2022-03-21,106160.01620114266
2022-03-22,106160.01620114266
2022-03-23,106160.01620114266
2022-03-24,106160.01620114266
2022-03-25,106160.01620114266
2022-03-28,106160.01620114266
2022-03-29,106160.01620114266
2022-03-30,106160.01620114266
2022-03-31,106160.01620114266
2022-04-01,106160.01620114266
2022-04-04,106160.01620114266
2022-04-05,106160.01620114266
2022-04-06,106160.01620114266
2022-04-07,106160.01620114266
2022-04-08,106160.01620114266
2022-04-11,106160.01620114266
2022-04-12,106160.01620114266
2022-04-13,106160.01620114266
2022-04-14,106160.01620114266
2022-04-18,106160.01620114266
2022-04-19,106160.01620114266
2022-04-20,106160.01620114266
2022-04-21,106160.01620114266
2022-04-22,106160.01620114266
2022-04-25,106160.01620114266
2022-04-26,106160.01620114266
2022-04-27,106160.01620114266
2022-04-28,106160.01620114266
2022-04-29,106160.01620114266
2022-05-02,106160.01620114266
2022-05-03,106160.01620114266
2022-05-04,106160.01620114266
2022-05-05,106160.01620114266
2022-05-06,106160.01620114266
2022-05-09,106160.01620114266
2022-05-10,106160.01620114266
2022-05-11,106160.01620114266
2022-05-12,106160.01620114266
2022-05-13,106160.01620114266
2022-05-16,106160.01620114266
2022-05-17,106160.01620114266
2022-05-18,106160.01620114266
2022-05-19,106160.01620114266
2022-05-20,106160.01620114266
2022-05-23,106160.01620114266
2022-05-24,106160.01620114266
2022-05-25,106160.01620114266
2022-05-26,106160.01620114266
2022-05-27,106160.01620114266
2022-05-31,106160.01620114266
2022-06-01,106160.01620114266
2022-06-02,106160.01620114266
2022-06-03,106160.01620114266
2022-06-06,106160.01620114266
2022-06-07,106160.01620114266
2022-06-08,106160.01620114266
2022-06-09,106160.01620114266
2022-06-10,106160.01620114266
2022-06-13,106160.01620114266
2022-06-14,106160.01620114266
2022-06-15,106160.01620114266
2022-06-16,106160.01620114266
2022-06-17,106160.01620114266
2022-06-21,106160.01620114266
2022-06-22,106160.01620114266
2022-06-23,106160.01620114266
2022-06-24,106160.01620114266
2022-06-27,106053.85618494151
2022-06-28,108173.58060414804
2022-06-29,106257.11631787628
2022-06-30,102366.12291607699
2022-07-01,104950.43981497316
2022-07-05,96307.00666051151
2022-07-06,95368.13315274306
2022-07-07,99433.35796513139
2022-07-08,101427.24940830853
2022-07-11,100749.70824729498
2022-07-12,92764.4539261973
2022-07-13,93209.698847366
2022-07-14,92706.38171237717
2022-07-15,94458.29575188468
2022-07-18,99307.52498910202
2022-07-19,100875.54122332436
2022-07-20,98978.43926470222
2022-07-21,93258.08989736135
2022-07-22,91661.03755622896
2022-07-25,93596.85678558597
2022-07-26,91932.05845137296
2022-07-27,94138.89119130968
2022-07-28,93325.84327500628
2022-07-29,95455.2488580376
2022-08-01,90877.03313139993
2022-08-02,91390.02404564926
2022-08-03,87662.93852213303
2022-08-04,87662.93852213303
2022-08-05,87662.93852213303
2022-08-08,87662.93852213303
2022-08-09,87662.93852213303
2022-08-10,87662.93852213303
2022-08-11,87662.93852213303
2022-08-12,87662.93852213303
2022-08-15,87662.93852213303
2022-08-16,87662.93852213303
2022-08-17,87662.93852213303
2022-08-18,87662.93852213303
2022-08-19,87662.93852213303
2022-08-22,87662.93852213303
2022-08-23,87662.93852213303
2022-08-24,87662.93852213303
2022-08-25,87662.93852213303
2022-08-26,87662.93852213303
2022-08-29,87662.93852213303
2022-08-30,87662.93852213303
2022-08-31,87662.93852213303
2022-09-01,87662.93852213303
2022-09-02,87662.93852213303
2022-09-06,87662.93852213303
2022-09-07,87662.93852213303
2022-09-08,87662.93852213303
2022-09-09,87662.93852213303
2022-09-12,87662.93852213303
2022-09-13,87662.93852213303
2022-09-14,87662.93852213303
2022-09-15,87662.93852213303
2022-09-16,87662.93852213303
2022-09-19,87662.93852213303
2022-09-20,87662.93852213303
2022-09-21,87662.93852213303
2022-09-22,87662.93852213303
2022-09-23,87662.93852213303
2022-09-26,87662.93852213303
2022-09-27,87662.93852213303
2022-09-28,87662.93852213303
2022-09-29,87662.93852213303
2022-09-30,87662.93852213303
2022-10-03,87662.93852213303
2022-10-04,87662.93852213303
2022-10-05,87662.93852213303
2022-10-06,87662.93852213303
2022-10-07,87662.93852213303
2022-10-10,87662.93852213303
2022-10-11,87662.93852213303
2022-10-12,87662.93852213303
2022-10-13,87662.93852213303
2022-10-14,87662.93852213303
2022-10-17,87662.93852213303
2022-10-18,87662.93852213303
2022-10-19,87662.93852213303
2022-10-20,87662.93852213303
2022-10-21,87662.93852213303
2022-10-24,87662.93852213303
2022-10-25,87662.93852213303
2022-10-26,87662.93852213303
2022-10-27,87662.93852213303
2022-10-28,87662.93852213303
2022-10-31,87662.93852213303
2022-11-01,87662.93852213303
2022-11-02,87662.93852213303
2022-11-03,87662.93852213303
2022-11-04,87662.93852213303
2022-11-07,87662.93852213303
2022-11-08,87662.93852213303
2022-11-09,87662.93852213303
2022-11-10,87662.93852213303
2022-11-11,87662.93852213303
2022-11-14,87662.93852213303
2022-11-15,87662.93852213303
2022-11-16,87662.93852213303
2022-11-17,87662.93852213303
2022-11-18,87662.93852213303
2022-11-21,87662.93852213303
2022-11-22,87662.93852213303
2022-11-23,87662.93852213303
2022-11-25,87662.93852213303
2022-11-28,87662.93852213303
2022-11-29,87662.93852213303
2022-11-30,87662.93852213303
2022-12-01,87662.93852213303
2022-12-02,87662.93852213303
2022-12-05,87662.93852213303
2022-12-06,87662.93852213303
2022-12-07,87662.93852213303
2022-12-08,87662.93852213303
2022-12-09,87662.93852213303
2022-12-12,87662.93852213303
2022-12-13,87662.93852213303
2022-12-14,87662.93852213303
2022-12-15,87662.93852213303
2022-12-16,87662.93852213303
2022-12-19,87662.93852213303
2022-12-20,87662.93852213303
2022-12-21,87662.93852213303
2022-12-22,87662.93852213303
2022-12-23,87662.93852213303
2022-12-27,87662.93852213303
2022-12-28,87662.93852213303
2022-12-29,87662.93852213303
2022-12-30,87662.93852213303
2023-01-03,87662.93852213303
2023-01-04,87662.93852213303
2023-01-05,87662.93852213303
2023-01-06,87662.93852213303
2023-01-09,87662.93852213303
2023-01-10,87662.93852213303
2023-01-11,87662.93852213303
2023-01-12,87662.93852213303
2023-01-13,87662.93852213303
2023-01-17,87662.93852213303
2023-01-18,87662.93852213303
2023-01-19,87662.93852213303
2023-01-20,87662.93852213303
2023-01-23,87662.93852213303
2023-01-24,87662.93852213303
2023-01-25,87662.93852213303
2023-01-26,87662.93852213303
2023-01-27,87662.93852213303
2023-01-30,87662.93852213303
2023-01-31,87662.93852213303
2023-02-01,87662.93852213303
2023-02-02,87662.93852213303
2023-02-03,87662.93852213303
2023-02-06,87662.93852213303
2023-02-07,87662.93852213303
2023-02-08,87662.93852213303
2023-02-09,87662.93852213303
2023-02-10,87662.93852213303
2023-02-13,87662.93852213303
2023-02-14,87662.93852213303
2023-02-15,87662.93852213303
2023-02-16,87662.93852213303
2023-02-17,87662.93852213303
2023-02-21,87662.93852213303
2023-02-22,87662.93852213303
2023-02-23,87662.93852213303
2023-02-24,87662.93852213303
2023-02-27,87662.93852213303
2023-02-28,87662.93852213303
2023-03-01,87662.93852213303
2023-03-02,87662.93852213303
2023-03-03,87662.93852213303
2023-03-06,87662.93852213303
2023-03-07,87662.93852213303
2023-03-08,87662.93852213303
2023-03-09,87662.93852213303
2023-03-10,87662.93852213303
2023-03-13,87662.93852213303
2023-03-14,87662.93852213303
2023-03-15,87662.93852213303
2023-03-16,87662.93852213303
2023-03-17,87662.93852213303
2023-03-20,87662.93852213303
2023-03-21,87662.93852213303
2023-03-22,87662.93852213303
2023-03-23,87662.93852213303
2023-03-24,87662.93852213303
2023-03-27,87662.93852213303
2023-03-28,87662.93852213303
2023-03-29,87662.93852213303
2023-03-30,87662.93852213303
2023-03-31,87662.93852213303
2023-04-03,87662.93852213303
2023-04-04,87662.93852213303
2023-04-05,87662.93852213303
2023-04-06,87662.93852213303
2023-04-10,87662.93852213303
2023-04-11,87662.93852213303
2023-04-12,87662.93852213303
2023-04-13,87662.93852213303
2023-04-14,87662.93852213303
2023-04-17,87662.93852213303
2023-04-18,87662.93852213303
2023-04-19,87662.93852213303
2023-04-20,87662.93852213303
2023-04-21,87662.93852213303
2023-04-24,87662.93852213303
2023-04-25,87662.93852213303
2023-04-26,87662.93852213303
2023-04-27,87662.93852213303
2023-04-28,87662.93852213303
2023-05-01,87662.93852213303
2023-05-02,87662.93852213303
2023-05-03,87662.93852213303
2023-05-04,87662.93852213303
2023-05-05,87662.93852213303
2023-05-08,87662.93852213303
2023-05-09,87662.93852213303
2023-05-10,87662.93852213303
2023-05-11,87662.93852213303
2023-05-12,87662.93852213303
2023-05-15,87662.93852213303
2023-05-16,87662.93852213303
2023-05-17,87662.93852213303
2023-05-18,87662.93852213303
2023-05-19,87662.93852213303
2023-05-22,87662.93852213303
2023-05-23,87662.93852213303
2023-05-24,87662.93852213303
2023-05-25,87662.93852213303
2023-05-26,87662.93852213303
2023-05-30,87662.93852213303
2023-05-31,87662.93852213303
2023-06-01,87662.93852213303
2023-06-02,87662.93852213303
2023-06-05,87662.93852213303
2023-06-06,87662.93852213303
2023-06-07,87662.93852213303
2023-06-08,87662.93852213303
2023-06-09,87662.93852213303
2023-06-12,87662.93852213303
2023-06-13,87662.93852213303
2023-06-14,87662.93852213303
2023-06-15,87662.93852213303
2023-06-16,87662.93852213303
2023-06-20,87662.93852213303
2023-06-21,87662.93852213303
2023-06-22,87662.93852213303
2023-06-23,87662.93852213303
2023-06-26,87662.93852213303
2023-06-27,87662.93852213303
2023-06-28,87662.93852213303
2023-06-29,87662.93852213303
2023-06-30,87662.93852213303
2023-07-03,87662.93852213303
2023-07-05,87662.93852213303
2023-07-06,87662.93852213303
2023-07-07,87662.93852213303
2023-07-10,87662.93852213303
2023-07-11,87662.93852213303
2023-07-12,87662.93852213303
2023-07-13,87662.93852213303
2023-07-14,87662.93852213303
2023-07-17,87662.93852213303
2023-07-18,87662.93852213303
2023-07-19,87662.93852213303
2023-07-20,87662.93852213303
2023-07-21,87662.93852213303
2023-07-24,87662.93852213303
2023-07-25,87662.93852213303
2023-07-26,87662.93852213303
2023-07-27,87662.93852213303
2023-07-28,87662.93852213303
2023-07-31,87662.93852213303
2023-08-01,87662.93852213303
2023-08-02,87662.93852213303
2023-08-03,87662.93852213303
2023-08-04,87662.93852213303
2023-08-07,87662.93852213303
2023-08-08,87662.93852213303
2023-08-09,87662.93852213303
2023-08-10,87662.93852213303
2023-08-11,87662.93852213303
2023-08-14,87662.93852213303
2023-08-15,87662.93852213303
2023-08-16,87662.93852213303
2023-08-17,87662.93852213303
2023-08-18,87662.93852213303
2023-08-21,87662.93852213303
2023-08-22,87662.93852213303
2023-08-23,87662.93852213303
2023-08-24,87662.93852213303
2023-08-25,87662.93852213303
2023-08-28,87662.93852213303
2023-08-29,87662.93852213303
2023-08-30,87662.93852213303
2023-08-31,87662.93852213303
2023-09-01,87662.93852213303
2023-09-05,87662.93852213303
2023-09-06,87662.93852213303
2023-09-07,87662.93852213303
2023-09-08,87662.93852213303
2023-09-11,87662.93852213303
2023-09-12,87662.93852213303
2023-09-13,87662.93852213303
2023-09-14,87662.93852213303
2023-09-15,87662.93852213303
2023-09-18,87662.93852213303
2023-09-19,87662.93852213303
2023-09-20,87662.93852213303
2023-09-21,87662.93852213303
2023-09-22,87662.93852213303
2023-09-25,87662.93852213303
2023-09-26,87662.93852213303
2023-09-27,87662.93852213303
2023-09-28,87662.93852213303
2023-09-29,87662.93852213303
2023-10-02,87662.93852213303
2023-10-03,87662.93852213303
2023-10-04,87662.93852213303
2023-10-05,87662.93852213303
2023-10-06,87662.93852213303
2023-10-09,87662.93852213303
2023-10-10,87575.2755836109
2023-10-11,85048.96437798261
2023-10-12,84458.14023786323
2023-10-13,89327.3935174065
2023-10-16,88278.16209171257
2023-10-17,88278.16209171257
2023-10-18,89969.15439098563
2023-10-19,91038.76361880518
2023-10-20,90407.18387443452
2023-10-23,87086.30936670226
2023-10-24,85303.63250157257
2023-10-25,86984.44367163716
2023-10-26,84763.73732305857
2023-10-27,87137.246100162
2023-10-30,83846.93052376385
2023-10-31,82532.84207341715
2023-11-01,81942.01793329776
2023-11-02,83999.7329522887
2023-11-03,82013.32469702877
2023-11-06,82329.11068328693
2023-11-07,78814.69368648727
2023-11-08,76736.60086537071
2023-11-09,77154.25254669397
2023-11-10,78610.9545245027
2023-11-13,79721.31158471917
2023-11-14,79721.31158471917
2023-11-15,78091.43714811432
2023-11-16,74261.22639320216
2023-11-17,77307.05497521881
2023-11-20,79048.9840079516
2023-11-21,79222.15646674772
2023-11-22,78539.64776077168
2023-11-24,76950.52115656374
2023-11-27,76181.56572597536
2023-11-28,76181.56572597536
2023-11-29,76181.56572597536
2023-11-30,76181.56572597536
2023-12-01,76181.56572597536
2023-12-04,76181.56572597536
2023-12-05,76181.56572597536
2023-12-06,76181.56572597536
2023-12-07,76181.56572597536
2023-12-08,76181.56572597536
2023-12-11,76181.56572597536
2023-12-12,76181.56572597536
2023-12-13,76181.56572597536
2023-12-14,76181.56572597536
2023-12-15,76181.56572597536
2023-12-18,76181.56572597536
2023-12-19,76181.56572597536
2023-12-20,76181.56572597536
2023-12-21,76181.56572597536
2023-12-22,76181.56572597536
2023-12-26,76181.56572597536
2023-12-27,76181.56572597536
2023-12-28,76181.56572597536
2023-12-29,76181.56572597536
2024-01-02,76181.56572597536
2024-01-03,76181.56572597536
2024-01-04,76181.56572597536
2024-01-05,76181.56572597536
2024-01-08,76181.56572597536
2024-01-09,76181.56572597536
2024-01-10,76181.56572597536
2024-01-11,76181.56572597536
2024-01-12,76181.56572597536
2024-01-16,76181.56572597536
2024-01-17,76181.56572597536
2024-01-18,76181.56572597536
2024-01-19,76181.56572597536
2024-01-22,76181.56572597536
2024-01-23,76181.56572597536
2024-01-24,76181.56572597536
2024-01-25,76181.56572597536
2024-01-26,76181.56572597536
2024-01-29,76181.56572597536
2024-01-30,76181.56572597536
2024-01-31,76181.56572597536
2024-02-01,76181.56572597536
2024-02-02,76181.56572597536
2024-02-05,76181.56572597536
2024-02-06,76181.56572597536
2024-02-07,76181.56572597536
2024-02-08,76181.56572597536
2024-02-09,76181.56572597536
2024-02-12,76181.56572597536
2024-02-13,76181.56572597536
2024-02-14,76181.56572597536
2024-02-15,76181.56572597536
2024-02-16,76181.56572597536
2024-02-20,76181.56572597536
2024-02-21,76181.56572597536
2024-02-22,76181.56572597536
2024-02-23,76181.56572597536
2024-02-26,76181.56572597536
2024-02-27,76181.56572597536
2024-02-28,76181.56572597536
2024-02-29,76181.56572597536
2024-03-01,76181.56572597536
2024-03-04,76181.56572597536
2024-03-05,76181.56572597536
2024-03-06,76181.56572597536
2024-03-07,76181.56572597536
2024-03-08,76181.56572597536
2024-03-11,76181.56572597536
2024-03-12,76181.56572597536
2024-03-13,76181.56572597536
2024-03-14,76181.56572597536
2024-03-15,76181.56572597536
2024-03-18,76181.56572597536
2024-03-19,76181.56572597536
2024-03-20,76181.56572597536
2024-03-21,76181.56572597536
2024-03-22,76181.56572597536
2024-03-25,76181.56572597536
2024-03-26,76181.56572597536
2024-03-27,76181.56572597536
2024-03-28,76181.56572597536
2024-04-01,76181.56572597536
2024-04-02,76181.56572597536
2024-04-03,76181.56572597536
2024-04-04,76181.56572597536
2024-04-05,76181.56572597536
2024-04-08,76181.56572597536
2024-04-09,76181.56572597536
2024-04-10,76181.56572597536
2024-04-11,76181.56572597536
2024-04-12,76181.56572597536
2024-04-15,76181.56572597536
2024-04-16,76181.56572597536
2024-04-17,76181.56572597536
2024-04-18,76181.56572597536
2024-04-19,76181.56572597536
2024-04-22,76181.56572597536
2024-04-23,76181.56572597536
2024-04-24,76181.56572597536
2024-04-25,76181.56572597536
2024-04-26,76181.56572597536
2024-04-29,76181.56572597536
2024-04-30,76181.56572597536
2024-05-01,76181.56572597536
2024-05-02,76181.56572597536
2024-05-03,76181.56572597536
2024-05-06,76181.56572597536
2024-05-07,76181.56572597536
2024-05-08,76181.56572597536
2024-05-09,76105.38416024939
2024-05-10,75145.18504204295
2024-05-13,75970.95686975952
2024-05-14,74914.73197914212
2024-05-15,75500.45402730707
2024-05-16,76076.57935882127
2024-05-17,76873.5390593718
2024-05-20,76623.89256316943
2024-05-21,76105.38416024939
2024-05-22,74482.64530624438
2024-05-23,73810.50885379502
2024-05-24,74626.67663912292
2024-05-28,76652.69736459755
2024-05-29,76076.57935882127
2024-05-30,74809.11681581827
2024-05-31,73925.72805950754
2024-06-03,71265.97972540036
2024-06-04,70334.58540862205
2024-06-05,71121.94839252182
2024-06-06,72543.04631079204
2024-06-07,72523.83822601468
2024-06-10,74645.87739816237
2024-06-11,74799.5127734296
2024-06-12,75300.25514842667
2024-06-13,75300.25514842667
2024-06-14,75300.25514842667
2024-06-17,75300.25514842667
2024-06-18,75300.25514842667
2024-06-20,75300.25514842667
2024-06-21,75300.25514842667
2024-06-24,75300.25514842667
2024-06-25,75300.25514842667
2024-06-26,75300.25514842667
2024-06-27,75300.25514842667
2024-06-28,75300.25514842667
2024-07-01,75300.25514842667
2024-07-02,75300.25514842667
2024-07-03,75300.25514842667
2024-07-05,75300.25514842667
2024-07-08,75300.25514842667
2024-07-09,75300.25514842667
2024-07-10,75300.25514842667
2024-07-11,75300.25514842667
2024-07-12,75300.25514842667
2024-07-15,75300.25514842667
2024-07-16,75300.25514842667
2024-07-17,75300.25514842667
2024-07-18,75300.25514842667
2024-07-19,75300.25514842667
2024-07-22,75300.25514842667
2024-07-23,75300.25514842667
2024-07-24,75300.25514842667
2024-07-25,75300.25514842667
2024-07-26,75300.25514842667
2024-07-29,75300.25514842667
2024-07-30,75300.25514842667
2024-07-31,75300.25514842667
2024-08-01,75300.25514842667
2024-08-02,75300.25514842667
2024-08-05,75300.25514842667
2024-08-06,75300.25514842667
2024-08-07,75300.25514842667
2024-08-08,75300.25514842667
2024-08-09,75300.25514842667
2024-08-12,75300.25514842667
2024-08-13,75300.25514842667
2024-08-14,75300.25514842667
2024-08-15,75300.25514842667
2024-08-16,75300.25514842667
2024-08-19,75300.25514842667
2024-08-20,75300.25514842667
2024-08-21,75300.25514842667
2024-08-22,75300.25514842667
2024-08-23,75300.25514842667
2024-08-26,75300.25514842667
2024-08-27,75300.25514842667
2024-08-28,75300.25514842667
2024-08-29,75300.25514842667
2024-08-30,75300.25514842667
2024-09-03,75300.25514842667
2024-09-04,75300.25514842667
2024-09-05,75300.25514842667
2024-09-06,75300.25514842667
2024-09-09,75300.25514842667
2024-09-10,75300.25514842667
2024-09-11,75300.25514842667
2024-09-12,75300.25514842667
2024-09-13,75300.25514842667
2024-09-16,75300.25514842667
2024-09-17,75300.25514842667
2024-09-18,75300.25514842667
2024-09-19,75300.25514842667
2024-09-20,75300.25514842667
2024-09-23,75300.25514842667
2024-09-24,75300.25514842667
2024-09-25,75300.25514842667
2024-09-26,75300.25514842667
2024-09-27,75300.25514842667
2024-09-30,75300.25514842667
2024-10-01,75300.25514842667
2024-10-02,75300.25514842667
2024-10-03,75300.25514842667
2024-10-04,75300.25514842667
2024-10-07,75300.25514842667
2024-10-08,75300.25514842667
2024-10-09,75300.25514842667
2024-10-10,75300.25514842667
2024-10-11,75300.25514842667
2024-10-14,75300.25514842667
2024-10-15,75300.25514842667
2024-10-16,75300.25514842667
2024-10-17,75300.25514842667
2024-10-18,75300.25514842667
2024-10-21,75300.25514842667
2024-10-22,75300.25514842667
2024-10-23,75300.25514842667
2024-10-24,75300.25514842667
2024-10-25,75300.25514842667
2024-10-28,75300.25514842667
2024-10-29,75300.25514842667
2024-10-30,75300.25514842667
2024-10-31,75300.25514842667
2024-11-01,75300.25514842667
2024-11-04,75300.25514842667
2024-11-05,75300.25514842667
2024-11-06,75300.25514842667
2024-11-07,75300.25514842667
2024-11-08,75300.25514842667
2024-11-11,75300.25514842667
2024-11-12,75300.25514842667
2024-11-13,75300.25514842667
2024-11-14,75300.25514842667
2024-11-15,75300.25514842667
2024-11-18,75300.25514842667
2024-11-19,75300.25514842667
2024-11-20,75300.25514842667
2024-11-21,75300.25514842667
2024-11-22,75300.25514842667
2024-11-25,75300.25514842667
2024-11-26,75300.25514842667
2024-11-27,75300.25514842667
2024-11-29,75300.25514842667
2024-12-02,75300.25514842667
2024-12-03,75300.25514842667
2024-12-04,75300.25514842667
2024-12-05,75300.25514842667
2024-12-06,75300.25514842667
2024-12-09,75300.25514842667
2024-12-10,75300.25514842667
2024-12-11,75300.25514842667
2024-12-12,75300.25514842667
2024-12-13,75300.25514842667
2024-12-16,75300.25514842667
2024-12-17,75300.25514842667
2024-12-18,75300.25514842667
2024-12-19,75300.25514842667
2024-12-20,75300.25514842667
2024-12-23,75300.25514842667
2024-12-24,75300.25514842667
2024-12-26,75300.25514842667
2024-12-27,75300.25514842667
2024-12-30,75300.25514842667
2024-12-31,75300.25514842667
